utc,ref_display,ours_score,rank,total,top1,top5,top10
2026-09-21T00:50,05:49:34,1903.4,1848,9693,2805,2637,2445
2026-09-21T01:06,00:49:35,850.1,4571,9693,2802,2635,2444
2026-09-21T01:21,00:49:35,1305.9,3090,9693,2807,2638,2447
2026-09-21T01:37,00:49:35,1693.2,2204,9693,2808,2637,2446
2026-09-21T01:52,00:49:35,1903.7,1860,9693,2807,2636,2449
2026-09-21T02:08,00:49:35,2033.6,1650,9693,2808,2634,2445
2026-09-21T02:23,00:49:35,2190.7,1402,9694,2808,2634,2448
2026-09-21T02:39,00:49:35,2242.4,1312,9695,2812,2635,2445
2026-09-21T02:55,00:49:35,2302.0,1218,9697,2812,2635,2446
2026-09-21T03:10,00:49:35,2309.1,1214,9698,2811,2636,2446
2026-09-21T03:26,00:49:35,2358.9,1141,9698,2808,2636,2446
2026-09-21T03:41,00:49:35,2378.8,1106,9698,2807,2635,2442
2026-09-21T03:57,00:49:35,2390.3,1081,9699,2807,2635,2440
2026-09-21T04:13,00:49:35,2420.8,1021,9701,2807,2640,2441
2026-09-21T04:28,00:49:35,2422.8,1015,9702,2807,2636,2440
2026-09-21T04:44,00:49:35,2433.7,992,9702,2805,2637,2440
2026-09-21T04:59,00:49:35,2462.9,889,9702,2806,2636,2439
2026-09-21T05:15,00:49:35,2477.2,857,9703,2808,2635,2439
2026-09-21T05:30,00:49:35,2485.9,834,9703,2807,2635,2439
2026-09-21T05:46,00:49:35,2490.8,822,9706,2810,2633,2436
2026-09-21T06:01,00:49:35,2494.4,813,9706,2811,2632,2436
2026-09-21T06:16,00:49:35,2494.4,808,9709,2809,2632,2435
2026-09-21T06:32,00:49:35,2492.2,815,9710,2808,2633,2432
2026-09-21T06:47,00:49:35,2497.8,806,9711,2809,2633,2431
2026-09-21T07:03,00:49:35,2499.5,791,9711,2810,2631,2426
2026-09-21T07:18,00:49:35,2495.6,793,9709,2811,2630,2427
2026-09-21T07:34,00:49:35,2495.5,797,9713,2811,2628,2427
2026-09-21T07:49,00:49:35,2495.5,793,9714,2814,2628,2424
2026-09-21T08:05,00:49:35,2487.5,817,9714,2813,2628,2427
2026-09-21T08:20,00:49:35,2487.5,815,9716,2814,2627,2426
2026-09-21T08:37,08:17:15,2487.7,807,9720,2813,2625,2424
2026-09-21T08:52,08:17:15,2492.1,796,9721,2812,2625,2424
2026-09-21T09:08,08:17:15,2482.1,826,9722,2812,2624,2421
2026-09-21T09:23,08:17:15,2477.6,844,9722,2809,2623,2422
2026-09-21T09:39,08:17:15,2487.5,820,9725,2806,2621,2421
2026-09-21T09:54,08:17:15,2483.4,830,9725,2804,2619,2419
2026-09-21T10:10,08:17:15,2492.9,803,9728,2806,2620,2420
2026-09-21T10:25,08:17:15,2489.3,815,9730,2807,2619,2420
2026-09-21T10:41,08:17:15,2480.7,836,9731,2811,2618,2422
2026-09-21T10:56,08:17:15,2480.7,839,9733,2816,2618,2419
2026-09-21T11:12,08:17:15,2480.7,833,9732,2815,2617,2417
2026-09-21T11:27,08:17:15,2483.7,822,9732,2814,2618,2420
2026-09-21T11:43,08:17:15,2484.0,833,9730,2811,2619,2417
2026-09-21T11:58,08:17:15,2480.1,842,9732,2811,2617,2417
2026-09-22T15:11,01:13:54,2661.6,292,9838,2768,2579,2392
2026-09-22T22:49,22:14:52,2642.7,301,9867,2757,2569,2382
2026-09-22T23:05,22:47:45,1518.2,2614,9869,2757,2570,2381
2026-09-22T23:20,22:47:45,1752.5,2110,9871,2755,2565,2378
2026-09-22T23:36,22:47:45,1831.0,2001,9873,2754,2566,2377
2026-09-22T23:51,22:47:45,2219.4,1323,9873,2753,2564,2378
2026-09-22T23:57,01:13:54,2658.7,276,9873,2765,2573,2385
2026-09-23T00:07,22:47:45,2289.6,1174,9873,2752,2559,2371
2026-09-23T00:13,22:47:45,2299.7,1141,9873,2753,2558,2366
2026-09-23T00:22,22:47:45,2343.6,1041,9873,2752,2557,2364
2026-09-23T00:29,22:47:45,2344.0,1036,9873,2751,2557,2364
2026-09-23T00:38,22:47:45,2377.1,963,9873,2749,2557,2363
2026-09-23T00:44,22:47:45,2347.2,1024,9874,2749,2557,2362
2026-09-23T00:53,22:47:45,2374.3,964,9875,2750,2558,2363
2026-09-23T01:00,22:47:45,2390.2,935,9875,2750,2556,2364
2026-09-23T01:09,22:47:45,2363.3,989,9875,2747,2557,2363
2026-09-23T01:15,22:47:45,2388.7,933,9875,2750,2556,2362
2026-09-23T01:24,22:47:45,2417.7,847,9873,2748,2554,2359
2026-09-23T01:31,22:47:45,2413.6,858,9873,2749,2553,2357
2026-09-23T01:40,22:47:45,2397.6,904,9872,2747,2553,2358
2026-09-23T01:46,22:47:45,2409.1,871,9871,2748,2552,2358
2026-09-23T01:56,22:47:45,2416.2,859,9871,2748,2554,2359
2026-09-23T02:02,22:47:45,2407.7,882,9871,2749,2553,2359
2026-09-23T02:11,22:47:45,2420.0,856,9871,2751,2553,2361
2026-09-23T02:17,22:47:45,2430.5,828,9872,2750,2553,2360
2026-09-23T02:26,22:47:45,2430.5,830,9872,2747,2554,2360
2026-09-23T02:33,22:47:45,2429.4,832,9872,2748,2552,2356
2026-09-23T02:42,22:47:45,2432.2,824,9872,2745,2553,2356
2026-09-23T02:48,22:47:45,2433.0,822,9872,2745,2552,2358
2026-09-23T02:58,22:47:45,2422.7,847,9874,2749,2553,2358
2026-09-23T03:04,22:47:45,2422.9,846,9875,2748,2553,2362
2026-09-23T03:13,22:47:45,2436.2,818,9876,2747,2552,2361
2026-09-23T03:20,22:47:45,2436.2,816,9876,2749,2552,2361
2026-09-23T03:29,22:47:45,2436.2,819,9879,2749,2553,2362
2026-09-23T03:35,22:47:45,2439.6,816,9880,2749,2553,2360
2026-09-23T03:44,22:47:45,2439.6,814,9881,2749,2552,2360
2026-09-23T03:51,22:47:45,2439.6,811,9881,2749,2553,2358
2026-09-23T04:00,22:47:45,2436.2,818,9882,2748,2550,2358
2026-09-23T04:06,22:47:45,2436.2,815,9882,2748,2549,2358
2026-09-23T04:15,22:47:45,2436.2,810,9881,2748,2547,2355
2026-09-23T04:22,22:47:45,2440.0,799,9881,2749,2550,2356
2026-09-23T04:31,22:47:45,2440.0,801,9881,2750,2549,2355
2026-09-23T04:37,22:47:45,2440.0,803,9879,2749,2550,2358
2026-09-23T04:46,22:47:45,2436.4,811,9881,2749,2548,2356
2026-09-23T04:53,22:47:45,2436.4,810,9881,2746,2547,2354
2026-09-23T05:02,22:47:45,2436.4,805,9880,2746,2548,2357
2026-09-23T05:08,22:47:45,2440.8,790,9881,2745,2548,2353
2026-09-23T05:17,22:47:45,2445.7,778,9881,2746,2546,2353
2026-09-23T05:24,22:47:45,2445.7,777,9882,2747,2544,2353
2026-09-23T05:33,22:47:45,2445.7,780,9882,2746,2542,2352
2026-09-23T05:39,22:47:45,2439.9,795,9882,2746,2542,2351
2026-09-23T05:48,22:47:45,2439.9,792,9884,2745,2542,2351
2026-09-23T05:55,22:47:45,2439.9,792,9883,2747,2543,2351
2026-09-23T06:04,22:47:45,2447.0,771,9883,2749,2544,2353
2026-09-23T06:10,22:47:45,2447.0,766,9882,2747,2542,2350
2026-09-23T06:19,22:47:45,2442.8,776,9882,2746,2539,2351
2026-09-23T06:26,22:47:45,2442.8,775,9884,2748,2539,2353
2026-09-23T06:35,22:47:45,2442.8,774,9885,2750,2538,2351
2026-09-23T06:41,22:47:45,2442.6,777,9884,2750,2538,2351
2026-09-23T06:50,22:47:45,2448.3,752,9884,2748,2538,2350
2026-09-23T06:57,22:47:45,2448.3,758,9884,2748,2538,2350
2026-09-23T07:06,22:47:45,2448.3,751,9883,2748,2536,2348
2026-09-23T07:12,22:47:45,2451.6,735,9884,2748,2535,2348
2026-09-23T07:21,22:47:45,2451.6,736,9884,2747,2535,2344
2026-09-23T07:28,22:47:45,2451.6,732,9884,2747,2534,2342
2026-09-23T07:37,22:47:45,2447.7,747,9884,2745,2534,2341
2026-09-23T07:43,22:47:45,2443.5,752,9885,2745,2534,2342
2026-09-23T07:52,22:47:45,2448.0,745,9885,2746,2534,2343
2026-09-23T07:59,22:47:45,2443.0,760,9886,2746,2534,2344
2026-09-23T08:08,22:47:45,2443.0,765,9886,2749,2533,2345
2026-09-23T08:14,22:47:45,2443.0,768,9887,2743,2533,2346
2026-09-23T08:23,22:47:45,2436.9,787,9886,2746,2534,2347
2026-09-23T08:30,22:47:45,2431.0,797,9888,2747,2533,2348
2026-09-23T08:39,22:47:45,2420.3,820,9890,2746,2535,2347
2026-09-23T08:45,22:47:45,2420.3,816,9890,2744,2536,2348
2026-09-23T08:54,22:47:45,2414.2,841,9891,2744,2533,2347
2026-09-23T09:01,22:47:45,2414.2,844,9892,2744,2534,2348
2026-09-23T09:16,22:47:45,2410.7,854,9894,2745,2535,2351
2026-09-23T09:32,22:47:45,2424.0,815,9894,2742,2535,2350
2026-09-23T09:47,22:47:45,2424.0,813,9896,2740,2535,2350
2026-09-23T10:03,22:47:45,2424.0,809,9896,2738,2536,2348
2026-09-23T10:18,22:47:45,2428.1,797,9897,2736,2534,2348
2026-09-23T10:34,22:47:45,2428.1,794,9898,2736,2533,2347
2026-09-23T10:49,22:47:45,2423.1,806,9898,2736,2530,2340
2026-09-23T11:05,22:47:45,2422.1,807,9898,2737,2530,2341
2026-09-23T11:20,22:47:45,2422.1,804,9898,2736,2530,2340
2026-09-23T11:36,22:47:45,2428.7,788,9897,2736,2530,2344
2026-09-23T11:51,22:47:45,2423.8,807,9897,2736,2527,2340
2026-09-27T14:47,2007.2,1359,10082,2619,2350,2128
2026-09-27T14:48,2007.2,1358,10082,2619,2350,2128
2026-09-27T14:49,2007.2,1358,10082,2619,2350,2128
2026-09-27T15:00,2002.6,1363,10083,2617,2347,2124
2026-09-27T17:40,1988.2,1399,10087,2616,2348,2134
2026-09-27T17:51,1988.2,1400,10088,2619,2346,2133
2026-09-27T18:53,1983.4,1402,10091,2616,2340,2125
2026-09-27T19:33,1989.5,1374,10091,2610,2342,2127
2026-09-27T20:03,1981.8,1390,10092,2608,2341,2129
2026-09-27T21:51,1993.5,1356,10096,2616,2340,2130
2026-09-27T23:00,2005.0,1297,10097,2610,2332,2123
2026-09-27T23:27,2001.0,1293,10098,2607,2329,2121
2026-09-27T23:34,1979.8,1414,10090,2616,2341,2128
2026-09-28T00:00,2004.3,1271,10099,2606,2325,2121
2026-09-28T00:19,2003.2,1250,10099,2597,2321,2116
2026-09-28T01:00,1057.0,3805,10100,2598,2320,2113
2026-09-28T01:30,1459.0,2677,10101,2602,2322,2112
2026-09-28T02:01,1618.0,2297,10101,2606,2321,2110
2026-09-28T02:27,1654.8,2185,10102,2599,2319,2110
2026-09-28T02:52,1670.7,2137,10102,2601,2317,2107
2026-09-28T03:18,1683.3,2099,10103,2603,2317,2104
2026-09-28T03:44,1241.4,3269,10104,2610,2315,2103
2026-09-28T04:09,1613.1,2302,10105,2608,2313,2104
2026-09-28T04:35,1744.4,1932,10105,2607,2310,2102
2026-09-28T05:01,1810.9,1758,10105,2607,2308,2098
2026-09-28T05:26,1892.0,1571,10105,2601,2310,2096
2026-09-28T05:52,1878.6,1593,10106,2606,2309,2094
2026-09-28T06:18,1864.9,1630,10106,2602,2306,2091
2026-09-28T06:43,1854.4,1656,10108,2599,2303,2090
2026-09-28T07:09,1864.9,1630,10108,2600,2302,2087
2026-09-28T07:35,1872.8,1607,10108,2597,2301,2092
2026-09-28T08:02,1881.9,1575,10109,2597,2297,2091
2026-09-28T08:27,1876.0,1596,10109,2596,2297,2086
2026-09-28T08:53,1881.4,1558,10111,2594,2296,2086
2026-09-28T09:18,1881.4,1556,10112,2595,2295,2082
2026-09-28T09:44,1875.9,1583,10113,2596,2292,2086
2026-09-28T10:10,1875.9,1581,10113,2598,2290,2086
2026-09-28T10:35,1871.7,1585,10113,2596,2289,2086
2026-09-28T11:01,1867.5,1590,10115,2596,2289,2082
2026-09-28T11:27,1858.9,1610,10115,2596,2285,2083
2026-09-28T11:52,1860.0,1603,10116,2591,2285,2083
2026-09-28T12:18,1860.0,1599,10117,2596,2284,2082
2026-09-28T12:43,1845.6,1638,10117,2594,2283,2080
2026-09-28T13:09,1842.2,1633,10120,2590,2282,2076
2026-09-28T13:35,1842.2,1622,10120,2593,2280,2073
2026-09-28T13:38,1842.2,1622,10120,2594,2280,2071
2026-09-28T13:40,1842.2,1621,10120,2594,2279,2071
2026-09-28T14:27,1833.6,1652,10126,2591,2275,2066
2026-09-28T14:52,1834.6,1637,10128,2591,2273,2065
2026-09-28T22:38,2141.4,774,10138,2581,2254,2042
2026-09-28T23:08,2162.0,714,10139,2580,2248,2044
2026-09-28T23:34,2170.5,685,10139,2580,2252,2045
2026-09-29T00:00,2175.3,665,10139,2577,2249,2041
2026-09-29T00:25,2178.9,637,10140,2570,2240,2031
2026-09-29T00:51,2178.9,634,10141,2569,2241,2031
2026-09-29T01:03,2184.3,622,10141,2574,2241,2029
2026-09-29T01:05,2184.3,621,10141,2574,2241,2029
2026-09-29T01:25,2184.3,617,10141,2574,2242,2029
2026-09-29T02:00,2189.1,596,10141,2574,2238,2026
2026-09-29T02:27,2196.6,585,10142,2576,2239,2028
2026-09-29T02:52,2193.4,589,10142,2574,2237,2026
2026-09-29T03:18,2188.2,604,10142,2577,2242,2027
2026-09-29T03:44,2192.5,589,10142,2577,2241,2025
2026-09-29T04:09,2199.5,584,10143,2581,2239,2025
2026-09-29T04:35,2207.6,562,10144,2579,2237,2026
2026-09-29T05:00,2207.6,568,10145,2578,2237,2024
2026-09-29T05:27,2207.6,568,10145,2578,2234,2024
2026-09-29T05:52,2202.3,574,10145,2580,2231,2023
2026-09-29T06:18,2211.8,557,10147,2581,2231,2022
2026-09-29T06:43,2208.8,549,10148,2581,2229,2020
2026-09-29T07:09,2208.8,555,10148,2581,2229,2020
2026-09-29T07:35,2208.8,543,10150,2581,2222,2014
2026-09-29T08:00,2208.8,527,10150,2577,2216,2004
2026-09-29T08:27,2214.8,486,10153,2563,2202,1982
2026-09-29T08:52,2210.1,496,10154,2566,2202,1981
2026-09-29T09:18,2210.1,503,10155,2562,2208,1989
2026-09-29T09:44,2210.1,505,10155,2564,2208,1990
2026-09-29T10:09,2193.6,529,10155,2561,2206,1989
2026-09-29T10:35,2193.6,530,10156,2565,2207,1989
2026-09-29T11:00,2193.6,522,10156,2560,2203,1984
2026-09-29T11:27,2201.6,511,10156,2561,2203,1985
2026-09-29T11:52,2201.6,512,10157,2562,2205,1982
2026-09-29T12:18,2197.8,525,10158,2555,2206,1978
2026-09-29T12:43,2198.1,516,10158,2559,2203,1977
2026-09-29T13:09,2207.0,492,10158,2556,2200,1976
2026-09-29T13:35,2212.8,478,10159,2558,2198,1975
2026-09-29T14:02,2208.0,484,10160,2555,2195,1976
2026-09-29T14:28,2217.5,458,10160,2552,2192,1965
2026-09-29T14:54,2207.3,468,10160,2551,2185,1958
2026-09-29T15:19,2213.1,461,10161,2553,2188,1956
2026-09-29T15:45,2214.3,462,10163,2549,2184,1956
2026-09-29T16:11,2208.8,465,10166,2546,2184,1954
2026-09-29T16:37,2210.6,462,10166,2543,2183,1951
2026-09-29T17:02,2212.6,459,10167,2544,2182,1948
2026-09-29T17:28,2217.1,458,10169,2549,2183,1945
2026-09-29T17:54,2221.4,444,10170,2548,2181,1944
2026-09-29T18:19,2213.2,452,10170,2547,2176,1942
2026-09-29T18:45,2209.9,454,10171,2542,2168,1940
2026-09-29T19:11,2203.4,456,10171,2544,2166,1934
2026-09-29T19:36,2199.7,462,10174,2538,2161,1933
2026-09-29T20:02,2186.9,485,10174,2541,2165,1937
2026-09-29T20:28,2175.1,495,10174,2542,2165,1936
2026-09-29T20:53,2185.7,479,10174,2545,2161,1930
2026-09-29T21:19,2181.2,473,10175,2536,2158,1930
2026-09-29T21:45,2177.2,478,10177,2534,2157,1929
2026-09-29T22:10,2164.1,499,10177,2537,2156,1927
2026-09-29T22:36,2148.1,517,10177,2532,2152,1928
2026-09-29T23:02,2136.8,539,10178,2535,2154,1922
2026-09-30T01:00,2139.6,504,10182,2521,2136,1907
2026-09-30T01:30,2142.4,509,10182,2532,2142,1910
2026-09-30T05:30,2123.6,518,10190,2532,2128,1898
2026-09-30T06:30,2083.9,587,10192,2530,2125,1897
2026-09-30T07:34,2092.7,558,10192,2532,2123,1889
2026-09-30T08:04,2089.3,560,10193,2526,2120,1887
2026-09-30T09:30,2077.6,584,10196,2521,2122,1887
2026-09-30T11:01,2060.7,608,10201,2520,2117,1881
2026-09-30T11:33,2063.8,599,10203,2524,2109,1880
2026-09-30T12:37,2063.8,599,10203,2524,2109,1880
2026-09-30T14:31,2046.3,615,10208,2519,2096,1866
