utc,label,score,games,wr10,wr20,opp20
09-27 17:51,cap8,1953.6,88,20.0,45.0,2111
09-27 17:51,cap2,1988.2,97,30.0,50.0,2089
09-27 17:51,shep_milk,1871.4,29,60.0,70.0,1793
09-27 17:51,shep_straw,2124.3,38,20.0,45.0,2055
09-27 18:53,cap8,1952.3,91,10.0,40.0,2118
09-27 18:53,cap2,1983.4,102,50.0,35.0,2098
09-27 18:53,shep_milk,1871.4,29,60.0,70.0,1847
09-27 18:53,shep_straw,2124.3,38,20.0,45.0,2073
09-27 19:33,cap8,1952.2,93,20.0,40.0,2126
09-27 19:33,cap2,1989.5,103,50.0,40.0,2148
09-27 19:33,shep_milk,1871.4,29,60.0,70.0,1839
09-27 19:33,shep_straw,2124.3,38,20.0,45.0,2080
09-27 20:03,cap8,1939.0,96,20.0,25.0,2150
09-27 20:03,cap2,1981.8,105,40.0,30.0,2163
09-27 20:03,shep_milk,1871.4,29,60.0,70.0,1837
09-27 20:03,shep_straw,2124.3,38,20.0,45.0,2084
09-27 21:51,cap8,1929.7,104,30.0,25.0,2088
09-27 21:51,cap2,1993.5,114,60.0,50.0,2105
09-27 21:51,shep_milk,1871.4,29,60.0,70.0,1833
09-27 21:51,shep_straw,2124.3,38,20.0,45.0,2028
09-27 23:00,cap8,1930.1,112,40.0,40.0,2005
09-27 23:00,cap2,2005.0,122,70.0,60.0,2112
09-27 23:00,shep_milk,1871.4,29,60.0,70.0,1818
09-27 23:00,shep_straw,2124.3,38,20.0,45.0,1941
09-27 23:27,cap8,1933.9,113,50.0,40.0,2004
09-27 23:27,cap2,2001.0,123,60.0,55.0,2104
09-27 23:27,shep_milk,1871.4,29,60.0,70.0,1831
09-27 23:27,shep_straw,2124.3,38,20.0,45.0,1998
09-27 23:34,cap8,1946.8,90,0.0,40.0,2096
09-27 23:34,cap2,1979.8,99,30.0,40.0,2075
09-27 23:34,shep_milk,1871.4,0,0.0,0.0,0
09-27 23:34,shep_straw,2124.3,38,20.0,45.0,2071
09-28 00:00,cap8,1929.2,116,50.0,45.0,1951
09-28 00:00,cap2,2004.3,127,60.0,65.0,2096
09-28 00:00,shep_milk,1871.4,29,60.0,70.0,1831
09-28 00:00,shep_straw,2124.3,38,20.0,45.0,2008
09-28 00:19,cap8,1934.2,117,60.0,50.0,1969
09-28 00:19,cap2,1998.2,130,50.0,60.0,2093
09-28 00:19,shep_milk,1871.4,29,60.0,70.0,1827
09-28 00:19,shep_straw,2124.3,38,20.0,45.0,2033
09-28 01:00,cap8,1930.9,118,50.0,50.0,1949
09-28 01:00,cap2,1998.2,130,50.0,60.0,2067
09-28 01:00,shep_milk,1871.4,29,60.0,70.0,1825
09-28 01:00,shep_straw,2124.3,38,20.0,45.0,2042
09-28 01:30,cap8,1930.9,118,50.0,50.0,1982
09-28 01:30,cap2,1998.2,130,50.0,60.0,2097
09-28 01:30,shep_milk,1871.4,29,60.0,70.0,1824
09-28 01:30,shep_straw,2124.3,38,20.0,45.0,2035
09-28 02:01,cap8,1930.9,118,50.0,50.0,1993
09-28 02:01,cap2,1998.2,130,50.0,60.0,2108
09-28 02:01,shep_milk,1871.4,29,60.0,70.0,1822
09-28 02:01,shep_straw,2124.3,0,0.0,0.0,0
09-28 02:27,cap8,1930.9,118,50.0,50.0,1999
09-28 02:27,cap2,1998.2,130,50.0,60.0,2104
09-28 02:27,shep_milk,1871.4,29,60.0,70.0,1820
09-28 02:27,shep_straw,2124.3,38,20.0,45.0,2027
09-28 02:52,cap8,1930.9,118,50.0,50.0,2000
09-28 02:52,cap2,1998.2,130,50.0,60.0,2106
09-28 02:52,shep_milk,1871.4,29,60.0,70.0,1818
09-28 02:52,shep_straw,2124.3,38,20.0,45.0,2026
09-28 03:18,cap24,600.0,0,0.0,0.0,0
09-28 03:18,cap8,1930.9,118,50.0,50.0,2001
09-28 03:18,cap2,1998.2,130,50.0,60.0,2103
09-28 03:44,cap24,986.8,5,100.0,100.0,649
09-28 03:44,cap8,1930.9,118,50.0,50.0,2000
09-28 03:44,cap2,1998.2,130,50.0,60.0,2101
09-28 04:09,cap24,1541.5,11,100.0,100.0,1022
09-28 04:09,cap8,1930.9,118,50.0,50.0,1999
09-28 04:09,cap2,1998.2,130,50.0,60.0,2096
09-28 04:35,cap24,1744.4,19,70.0,84.2,1316
09-28 04:35,cap8,1930.9,118,50.0,50.0,1997
09-28 04:35,cap2,1998.2,130,50.0,60.0,2094
09-28 05:01,cap24,1810.9,26,70.0,75.0,1564
09-28 05:01,cap8,1930.9,118,50.0,50.0,1994
09-28 05:01,cap2,1998.2,130,50.0,60.0,2047
09-28 05:26,cap24,1892.0,33,80.0,65.0,1776
09-28 05:26,cap8,1930.9,118,50.0,50.0,1979
09-28 05:26,cap2,1998.2,130,50.0,60.0,2081
09-28 05:52,cap24,1878.6,39,40.0,60.0,1882
09-28 05:52,cap8,1930.9,118,50.0,50.0,1977
09-28 05:52,cap2,1998.2,130,50.0,60.0,2087
09-28 06:18,cap24,1864.9,47,30.0,45.0,1985
09-28 06:18,cap8,1930.9,118,50.0,50.0,1970
09-28 06:18,cap2,1998.2,130,50.0,60.0,2081
09-28 06:43,cap24,1854.4,54,30.0,35.0,1989
09-28 06:43,cap8,1930.9,118,50.0,50.0,1969
09-28 06:43,cap2,1998.2,130,50.0,60.0,2082
09-28 07:09,cap24,1864.9,61,60.0,40.0,1943
09-28 07:09,cap8,1930.9,118,50.0,50.0,1887
09-28 07:09,cap2,1998.2,130,50.0,60.0,2081
09-28 07:35,cap24,1872.8,68,60.0,50.0,1930
09-28 07:35,cap8,1930.9,118,50.0,50.0,1962
09-28 07:35,cap2,1998.2,130,50.0,60.0,2002
09-28 08:02,cap24,1881.9,75,70.0,55.0,1912
09-28 08:02,cap8,1930.9,118,50.0,50.0,1978
09-28 08:02,cap2,1998.2,130,50.0,60.0,2032
09-28 08:27,cap24,1876.0,80,50.0,50.0,1934
09-28 08:27,cap8,1930.9,118,50.0,50.0,1976
09-28 08:27,cap2,1998.2,130,50.0,60.0,2070
09-28 08:53,cap24,1881.4,83,60.0,60.0,1940
09-28 08:53,cap8,1930.9,118,50.0,50.0,1905
09-28 08:53,cap2,1998.2,130,50.0,60.0,2078
09-28 09:18,cap24,1881.4,83,60.0,60.0,1939
09-28 09:18,cap8,1930.9,118,50.0,50.0,1925
09-28 09:18,cap2,1998.2,130,50.0,60.0,2080
09-28 09:44,cap24,1875.9,86,40.0,55.0,1932
09-28 09:44,cap8,1930.9,118,50.0,50.0,1947
09-28 09:44,cap2,1998.2,130,50.0,60.0,2075
09-28 10:10,cap24,1875.9,86,40.0,55.0,1914
09-28 10:10,cap8,1930.9,118,50.0,50.0,1953
09-28 10:10,cap2,1998.2,130,50.0,60.0,2074
09-28 10:35,cap24,1871.7,89,40.0,45.0,1970
09-28 10:35,cap8,1930.9,118,50.0,50.0,1950
09-28 10:35,cap2,1998.2,130,50.0,60.0,2071
09-28 11:01,cap24,1867.5,90,40.0,45.0,1959
09-28 11:01,cap8,1930.9,118,50.0,50.0,1945
09-28 11:01,cap2,1998.2,130,50.0,60.0,2069
09-28 11:26,cap24,1858.9,92,30.0,40.0,1934
09-28 11:26,cap8,1930.9,118,50.0,50.0,1943
09-28 11:26,cap2,1998.2,130,50.0,60.0,2066
09-28 11:52,cap24,1860.0,94,20.0,40.0,1958
09-28 11:52,cap8,1930.9,118,50.0,50.0,1941
09-28 11:52,cap2,1998.2,130,50.0,60.0,2064
09-28 12:18,cap24,1860.0,94,20.0,40.0,1968
09-28 12:18,cap8,1930.9,118,50.0,50.0,1895
09-28 12:18,cap2,1998.2,130,50.0,60.0,2063
09-28 12:43,cap24,1845.6,97,10.0,30.0,1988
09-28 12:43,cap8,1930.9,118,50.0,50.0,1917
09-28 12:43,cap2,1998.2,130,50.0,60.0,2058
09-28 13:09,cap24,1842.2,100,20.0,30.0,1984
09-28 13:09,cap8,1930.9,118,50.0,50.0,1852
09-28 13:09,cap2,1998.2,130,50.0,60.0,2056
09-28 13:35,cap24,1842.2,100,20.0,30.0,1982
09-28 13:35,cap8,1930.9,118,50.0,50.0,1853
09-28 13:35,cap2,1998.2,130,50.0,60.0,2054
09-28 13:38,cap2,1842.2,100,20.0,30.0,1986
09-28 13:38,cap8,1930.9,118,50.0,50.0,1856
09-28 13:40,pi_stack,None,0,0.0,0.0,0
09-28 13:40,shep_straw,1842.2,100,20.0,30.0,1986
09-28 13:40,cap24,1761.1,83,50.0,60.0,2002
09-28 13:40,cap8,1930.9,118,50.0,50.0,1856
09-28 14:26,pi_stack,1573.7,11,100.0,100.0,996
09-28 14:26,shep_straw,1833.6,102,20.0,25.0,1964
09-28 14:26,cap24,1761.1,83,50.0,60.0,2003
09-28 14:26,cap8,1930.9,118,50.0,50.0,1880
09-28 14:52,pi_stack,1596.3,17,70.0,82.4,1224
09-28 14:52,shep_straw,1834.6,104,20.0,20.0,1959
09-28 14:52,cap24,1761.1,83,50.0,60.0,2006
09-28 14:52,cap8,1930.9,118,50.0,50.0,1827
09-28 22:38,pi_stack,2141.4,91,100.0,90.0,2141
09-28 22:38,shep_straw,1785.6,131,30.0,35.0,1945
09-28 22:38,cap24,1761.1,83,50.0,60.0,2031
09-28 22:38,cap8,1930.9,118,50.0,50.0,1806
09-28 23:08,pi_stack,2162.0,95,100.0,95.0,2147
09-28 23:08,shep_straw,1785.5,133,40.0,35.0,1932
09-28 23:08,cap24,1761.1,83,50.0,60.0,1993
09-28 23:08,cap8,1930.9,118,50.0,50.0,1805
09-28 23:34,pi_stack,2170.5,97,100.0,95.0,2159
09-28 23:34,shep_straw,1786.0,135,40.0,40.0,1936
09-28 23:34,cap24,1761.1,83,50.0,60.0,2023
09-28 23:34,cap8,1930.9,118,50.0,50.0,1775
09-29 00:00,pi_stack,2175.3,100,90.0,95.0,2160
09-29 00:00,shep_straw,1782.3,136,30.0,40.0,1881
09-29 00:00,cap24,1761.1,83,50.0,60.0,2046
09-29 00:00,cap8,1930.9,118,50.0,50.0,1792
09-29 00:25,pi_stack,2178.9,101,90.0,95.0,2162
09-29 00:25,shep_straw,1782.3,136,30.0,40.0,1844
09-29 00:25,cap24,1761.1,83,50.0,60.0,1967
09-29 00:25,cap8,1930.9,118,50.0,50.0,1749
09-29 00:51,pi_stack,2178.9,101,90.0,95.0,2162
09-29 00:51,shep_straw,1779.1,139,30.0,40.0,1877
09-29 00:51,cap24,1761.1,83,50.0,60.0,1928
09-29 00:51,cap8,1930.9,118,50.0,50.0,1753
09-29 01:03,pi_stack2,None,0,0.0,0.0,0
09-29 01:03,pi_stack,2184.3,102,90.0,95.0,2152
09-29 01:03,shep_straw,1779.1,139,30.0,40.0,1885
09-29 01:03,cap24,1761.1,83,50.0,60.0,1944
09-29 01:05,pi_stack2,None,0,0.0,0.0,0
09-29 01:05,pi_stack,2184.3,102,90.0,95.0,2152
09-29 01:05,shep_straw,1779.1,139,30.0,40.0,1885
09-29 01:05,cap24,1761.1,83,50.0,60.0,1945
09-29 01:25,pi_stack2,None,0,0.0,0.0,0
09-29 01:25,pi_stack,2184.3,102,90.0,95.0,2151
09-29 01:25,shep_straw,1784.1,140,40.0,40.0,1857
09-29 01:25,cap24,1761.1,83,50.0,60.0,1967
09-29 02:00,pi_stack2,None,0,0.0,0.0,0
09-29 02:00,pi_stack,2189.1,103,90.0,95.0,2103
09-29 02:00,shep_straw,1784.1,140,40.0,40.0,1861
09-29 02:00,cap24,1761.1,83,50.0,60.0,1992
09-29 02:27,pi_stack2,None,0,0.0,0.0,0
09-29 02:27,pi_stack,2196.6,105,90.0,95.0,2154
09-29 02:27,shep_straw,1784.1,140,40.0,40.0,1868
09-29 02:27,cap24,1761.1,83,50.0,60.0,2016
09-29 02:52,pi_stack2,None,0,0.0,0.0,0
09-29 02:52,pi_stack,2193.4,106,80.0,90.0,2116
09-29 02:52,shep_straw,1788.2,141,50.0,40.0,1867
09-29 02:52,cap24,1761.1,83,50.0,60.0,1940
09-29 03:18,pi_stack2,None,0,0.0,0.0,0
09-29 03:18,pi_stack,2188.2,107,70.0,85.0,2149
09-29 03:18,shep_straw,1789.0,143,50.0,45.0,1772
09-29 03:18,cap24,1761.1,83,50.0,60.0,1967
09-29 03:44,pi_stack2,None,0,0.0,0.0,0
09-29 03:44,pi_stack,2192.5,108,80.0,85.0,2172
09-29 03:44,shep_straw,1789.0,143,50.0,45.0,1795
09-29 03:44,cap24,1761.1,83,50.0,60.0,1988
09-29 04:09,pi_stack2,600.0,0,0.0,0.0,0
09-29 04:09,pi_stack,2199.5,110,80.0,85.0,2201
09-29 04:09,shep_straw,1783.7,144,50.0,40.0,1802
09-29 04:09,cap24,1761.1,83,50.0,60.0,2006
09-29 04:35,pi_stack2,1094.9,3,100.0,100.0,951
09-29 04:35,pi_stack,2207.6,112,80.0,85.0,2225
09-29 04:35,shep_straw,1783.7,144,50.0,40.0,1812
09-29 04:35,cap24,1761.1,83,50.0,60.0,2015
09-29 05:00,pi_stack2,1410.1,9,88.9,88.9,1216
09-29 05:00,pi_stack,2207.6,112,80.0,85.0,2227
09-29 05:00,shep_straw,1778.3,145,40.0,40.0,1814
09-29 05:00,cap24,1761.1,83,50.0,60.0,2015
09-29 05:27,pi_stack2,1603.4,13,90.0,92.3,1270
09-29 05:27,pi_stack,2207.6,112,80.0,85.0,2225
09-29 05:27,shep_straw,1778.3,145,40.0,40.0,1809
09-29 05:27,cap24,1761.1,83,50.0,60.0,2011
09-29 05:52,pi_stack2,1731.9,18,90.0,88.9,1407
09-29 05:52,pi_stack,2202.3,113,70.0,80.0,2221
09-29 05:52,shep_straw,1778.3,145,40.0,40.0,1813
09-29 05:52,cap24,1761.1,83,50.0,60.0,2012
09-29 06:18,pi_stack2,1729.1,22,70.0,80.0,1562
09-29 06:18,pi_stack,2211.8,115,70.0,80.0,2239
09-29 06:18,shep_straw,1778.3,145,40.0,40.0,1756
09-29 06:18,cap24,1761.1,83,50.0,60.0,2014
09-29 06:43,pi_stack2,1816.7,28,80.0,85.0,1735
09-29 06:43,pi_stack,2208.8,116,70.0,75.0,2245
09-29 06:43,shep_straw,1778.3,145,40.0,40.0,1723
09-29 06:43,cap24,1761.1,83,50.0,60.0,2012
09-29 07:09,pi_stack2,1854.3,31,90.0,85.0,1818
09-29 07:09,pi_stack,2208.8,116,70.0,75.0,2246
09-29 07:09,shep_straw,1778.3,145,40.0,40.0,1763
09-29 07:09,cap24,1761.1,83,50.0,60.0,2011
09-29 07:35,pi_stack2,1867.1,34,90.0,80.0,1867
09-29 07:35,pi_stack,2208.8,116,70.0,75.0,2229
09-29 07:35,shep_straw,1774.0,146,40.0,35.0,1733
09-29 07:35,cap24,1761.1,83,50.0,60.0,2012
09-29 08:00,pi_stack2,1867.1,34,90.0,80.0,1811
09-29 08:00,pi_stack,2208.8,0,0.0,0.0,0
09-29 08:00,shep_straw,1774.0,0,0.0,0.0,0
09-29 08:00,cap24,1761.1,0,0.0,0.0,0
09-29 08:27,pi_stack2,1891.0,38,90.0,85.0,1712
09-29 08:27,pi_stack,2214.8,117,80.0,75.0,2156
09-29 08:27,shep_straw,1770.5,147,30.0,35.0,1725
09-29 08:27,cap24,1761.1,83,50.0,60.0,2012
09-29 08:52,pi_stack2,1953.4,47,90.0,90.0,1825
09-29 08:52,pi_stack,2210.1,118,70.0,75.0,2149
09-29 08:52,shep_straw,1770.5,147,30.0,35.0,1752
09-29 08:52,cap24,1761.1,83,50.0,60.0,1903
09-29 09:18,pi_stack2,1949.4,55,50.0,75.0,1930
09-29 09:18,pi_stack,2210.1,118,70.0,75.0,2166
09-29 09:18,shep_straw,1770.5,147,30.0,35.0,1758
09-29 09:18,cap24,1761.1,83,50.0,60.0,1918
09-29 09:44,pi_stack2,1953.6,56,60.0,75.0,1971
09-29 09:44,pi_stack,2210.1,118,70.0,75.0,2103
09-29 09:44,shep_straw,1770.5,147,30.0,35.0,1758
09-29 09:44,cap24,1761.1,83,50.0,60.0,1912
09-29 10:09,pi_stack2,1952.9,58,60.0,70.0,1994
09-29 10:09,pi_stack,2193.6,122,30.0,55.0,2198
09-29 10:09,shep_straw,1770.5,147,30.0,35.0,1758
09-29 10:09,cap24,1761.1,83,50.0,60.0,1946
09-29 10:35,pi_stack2,1971.7,61,80.0,70.0,1968
09-29 10:35,pi_stack,2193.6,122,30.0,55.0,2189
09-29 10:35,shep_straw,1770.5,147,30.0,35.0,1757
09-29 10:35,cap24,1761.1,83,50.0,60.0,1964
09-29 11:00,pi_stack2,1974.3,65,70.0,60.0,1990
09-29 11:00,pi_stack,2193.6,122,30.0,55.0,2216
09-29 11:00,shep_straw,1770.5,0,0.0,0.0,0
09-29 11:00,cap24,1761.1,0,0.0,0.0,0
09-29 11:26,pi_stack2,1975.7,70,60.0,65.0,2024
09-29 11:26,pi_stack,2201.6,124,40.0,55.0,2215
09-29 11:26,shep_straw,1770.5,147,30.0,35.0,1755
09-29 11:26,cap24,1761.1,83,50.0,60.0,1975
09-29 11:52,pi_stack2,1980.8,71,60.0,70.0,2011
09-29 11:52,pi_stack,2201.6,124,40.0,55.0,2223
09-29 11:52,shep_straw,1770.5,147,30.0,35.0,1755
09-29 11:52,cap24,1761.1,83,50.0,60.0,1994
09-29 12:18,pi_stack2,1977.1,76,60.0,60.0,2064
09-29 12:18,pi_stack,2197.8,127,30.0,55.0,2234
09-29 12:18,shep_straw,1770.5,147,30.0,35.0,1757
09-29 12:18,cap24,1761.1,83,50.0,60.0,1967
09-29 12:43,pi_stack2,1972.4,77,50.0,60.0,2012
09-29 12:43,pi_stack,2198.1,131,50.0,45.0,2246
09-29 12:43,shep_straw,1770.5,147,30.0,35.0,1753
09-29 12:43,cap24,1761.1,83,50.0,60.0,1986
09-29 13:09,pi_stack2,1966.4,80,40.0,50.0,2029
09-29 13:09,pi_stack,2207.0,133,60.0,50.0,2245
09-29 13:09,shep_straw,1770.5,147,30.0,35.0,1750
09-29 13:09,cap24,1761.1,83,50.0,60.0,1989
09-29 13:35,pi_stack2,1974.9,82,40.0,50.0,1967
09-29 13:35,pi_stack,2212.8,136,70.0,50.0,2172
09-29 13:35,shep_straw,1770.5,147,30.0,35.0,1750
09-29 13:35,cap24,1761.1,83,50.0,60.0,1915
09-29 14:02,pi_stack2,1979.3,85,50.0,55.0,1944
09-29 14:02,pi_stack,2212.1,138,70.0,50.0,2197
09-29 14:02,shep_straw,1770.5,147,30.0,35.0,1731
09-29 14:02,cap24,1761.1,83,50.0,60.0,1880
09-29 14:28,pi_stack2,1991.1,88,80.0,60.0,1985
09-29 14:28,pi_stack,2217.5,139,80.0,55.0,2123
09-29 14:28,shep_straw,1770.5,147,30.0,35.0,1753
09-29 14:28,cap24,1761.1,0,0.0,0.0,0
09-29 14:54,pi_stack2,2005.7,91,90.0,65.0,1998
09-29 14:54,pi_stack,2207.3,143,50.0,55.0,2144
09-29 14:54,shep_straw,1770.5,147,30.0,35.0,1738
09-29 14:54,cap24,1761.1,83,50.0,60.0,1975
09-29 15:19,pi_stack2,2009.8,92,90.0,65.0,1988
09-29 15:19,pi_stack,2213.1,146,50.0,60.0,2199
09-29 15:19,shep_straw,1770.5,147,30.0,35.0,1743
09-29 15:19,cap24,1761.1,83,50.0,60.0,1982
09-29 15:45,pi_stack2,2008.0,96,80.0,70.0,1954
09-29 15:45,pi_stack,2214.3,148,50.0,60.0,2230
09-29 15:45,shep_straw,1770.5,147,30.0,35.0,1741
09-29 15:45,cap24,1761.1,83,50.0,60.0,1981
09-29 16:11,pi_stack2,2011.9,97,80.0,75.0,1977
09-29 16:11,pi_stack,2208.8,150,40.0,55.0,2261
09-29 16:11,shep_straw,1770.5,147,30.0,35.0,1741
09-29 16:11,cap24,1761.1,83,50.0,60.0,1919
09-29 16:36,pi_stack2,2009.7,99,70.0,80.0,2026
09-29 16:36,pi_stack,2210.6,154,40.0,50.0,2260
09-29 16:36,shep_straw,1770.5,147,30.0,35.0,1745
09-29 16:36,cap24,1761.1,83,50.0,60.0,1930
09-29 17:02,pi_stack2,2015.5,102,60.0,75.0,2076
09-29 17:02,pi_stack,2212.6,158,40.0,45.0,2265
09-29 17:02,shep_straw,1770.5,147,30.0,35.0,1752
09-29 17:02,cap24,1761.1,83,50.0,60.0,1954
09-29 17:28,pi_stack2,2020.8,103,60.0,80.0,2068
09-29 17:28,pi_stack,2217.1,159,50.0,45.0,2260
09-29 17:28,shep_straw,1770.5,147,30.0,35.0,1744
09-29 17:28,cap24,1761.1,83,50.0,60.0,1960
09-29 17:53,pi_stack2,2028.1,107,70.0,75.0,2068
09-29 17:53,pi_stack,2221.4,160,60.0,50.0,2254
09-29 17:53,shep_straw,1770.5,147,30.0,35.0,1717
09-29 17:53,cap24,1761.1,83,50.0,60.0,1908
09-29 18:19,pi_stack2,2023.7,110,60.0,65.0,2103
09-29 18:19,pi_stack,2213.2,162,50.0,50.0,2271
09-29 18:19,shep_straw,1770.5,147,30.0,35.0,1750
09-29 18:19,cap24,1761.1,83,50.0,60.0,1907
09-29 18:45,pi_stack2,2028.0,111,60.0,65.0,2124
09-29 18:45,pi_stack,2209.9,163,40.0,45.0,2284
09-29 18:45,shep_straw,1770.5,147,30.0,35.0,1743
09-29 18:45,cap24,1761.1,83,50.0,60.0,1906
09-29 19:11,pi_stack2,2031.5,114,60.0,65.0,2130
09-29 19:11,pi_stack,2203.4,166,40.0,40.0,2262
09-29 19:11,shep_straw,1770.5,147,30.0,35.0,1745
09-29 19:11,cap24,1761.1,83,50.0,60.0,1830
09-29 19:36,pi_stack2,2040.7,116,60.0,70.0,2090
09-29 19:36,pi_stack,2199.7,169,30.0,40.0,2238
09-29 19:36,shep_straw,1770.5,147,30.0,35.0,1710
09-29 19:36,cap24,1761.1,83,50.0,60.0,1847
09-29 20:02,pi_stack2,2041.3,118,70.0,65.0,2106
09-29 20:02,pi_stack,2186.9,173,30.0,35.0,2213
09-29 20:02,shep_straw,1770.5,147,30.0,35.0,1731
09-29 20:02,cap24,1761.1,83,50.0,60.0,1885
09-29 20:28,pi_stack2,2034.5,122,50.0,60.0,2084
09-29 20:28,pi_stack,2175.1,177,20.0,35.0,2220
09-29 20:28,shep_straw,1770.5,147,30.0,35.0,1731
09-29 20:28,cap24,1761.1,83,50.0,60.0,1894
09-29 20:53,pi_stack2,2043.3,124,60.0,60.0,2105
09-29 20:53,pi_stack,2185.7,180,50.0,35.0,2223
09-29 20:53,shep_straw,1770.5,147,30.0,35.0,1662
09-29 20:53,cap24,1761.1,83,50.0,60.0,1916
09-29 21:19,pi_stack2,2038.3,127,40.0,55.0,2085
09-29 21:19,pi_stack,2181.2,183,50.0,40.0,2228
09-29 21:19,shep_straw,1770.5,147,30.0,35.0,1688
09-29 21:19,cap24,1761.1,83,50.0,60.0,1913
09-29 21:45,pi_stack2,2043.3,130,60.0,60.0,2092
09-29 21:45,pi_stack,2177.2,186,60.0,40.0,2229
09-29 21:45,shep_straw,1770.5,147,30.0,35.0,1719
09-29 21:45,cap24,1761.1,83,50.0,60.0,1910
09-29 22:10,pi_stack2,2058.8,135,60.0,60.0,2102
09-29 22:10,pi_stack,2164.1,189,30.0,35.0,2222
09-29 22:10,shep_straw,1770.5,147,30.0,35.0,1724
09-29 22:10,cap24,1761.1,83,50.0,60.0,1911
09-29 22:36,pi_stack2,2063.0,138,70.0,60.0,2107
09-29 22:36,pi_stack,2148.1,198,20.0,30.0,2242
09-29 22:36,shep_straw,1770.5,147,30.0,35.0,1732
09-29 22:36,cap24,1761.1,83,50.0,60.0,1913
09-29 23:02,pi_stack2,2067.5,143,70.0,65.0,2071
09-29 23:02,pi_stack,2136.8,202,30.0,20.0,2180
09-29 23:02,shep_straw,1770.5,147,30.0,35.0,1740
09-29 23:02,cap24,1761.1,83,50.0,60.0,1918
09-30 01:00,pi_stack2,2100.1,163,60.0,65.0,2100
09-30 01:00,pi_stack,2139.6,219,50.0,45.0,2147
09-30 01:00,shep_straw,1770.5,147,30.0,35.0,1742
09-30 01:00,cap24,1761.1,83,50.0,60.0,1879
09-30 01:30,pi_stack2,2085.9,168,30.0,55.0,2118
09-30 01:30,pi_stack,2142.4,224,50.0,45.0,2173
09-30 01:30,shep_straw,1770.5,147,30.0,35.0,1757
09-30 01:30,cap24,1761.1,83,50.0,60.0,1875
09-30 05:30,pi_stack2,2053.8,198,30.0,35.0,2092
09-30 05:30,pi_stack,2123.6,253,60.0,50.0,2099
09-30 05:30,shep_straw,1770.5,147,30.0,35.0,1766
09-30 05:30,cap24,1761.1,83,50.0,60.0,1872
09-30 06:30,pi_stack2,2039.6,206,30.0,30.0,2087
09-30 06:30,pi_stack,2083.9,262,10.0,30.0,2170
09-30 06:30,shep_straw,1770.5,147,30.0,35.0,1759
09-30 06:30,cap24,1761.1,83,50.0,60.0,1827
09-30 07:34,pi_stack2,2062.5,215,70.0,50.0,2065
09-30 07:34,pi_stack,2092.7,272,60.0,35.0,2161
09-30 07:34,shep_straw,1770.5,147,30.0,35.0,1753
09-30 07:34,cap24,1761.1,83,50.0,60.0,1888
09-30 08:03,pi_stack2,2056.6,218,70.0,50.0,2084
09-30 08:03,pi_stack,2089.3,275,40.0,35.0,2140
09-30 08:03,shep_straw,1770.5,147,30.0,35.0,1753
09-30 08:03,cap24,1761.1,83,50.0,60.0,1887
09-30 09:30,pi_stack2,2043.3,227,40.0,55.0,2078
09-30 09:30,pi_stack,2077.6,281,30.0,45.0,2088
09-30 09:30,shep_straw,1770.5,147,30.0,35.0,1673
09-30 09:30,cap24,1761.1,83,50.0,60.0,1888
09-30 11:01,pi_stack2,2031.4,235,40.0,35.0,2060
09-30 11:01,pi_stack,2060.7,291,30.0,30.0,2116
09-30 11:01,shep_straw,1770.5,147,30.0,35.0,1729
09-30 11:01,cap24,1761.1,83,50.0,60.0,1865
09-30 11:33,pi_stack2,2022.9,239,30.0,35.0,2044
09-30 11:33,pi_stack,2063.8,295,40.0,35.0,2105
09-30 11:33,shep_straw,1770.5,147,30.0,35.0,1729
09-30 11:33,cap24,1761.1,83,50.0,60.0,1893
09-30 12:37,pi_stack2,2019.6,248,40.0,40.0,2050
09-30 12:37,pi_stack,2059.0,302,50.0,40.0,2098
09-30 12:37,shep_straw,1770.5,147,30.0,35.0,1729
09-30 12:37,cap24,1761.1,83,50.0,60.0,1893
09-30 14:31,pi_stack2,1986.1,260,20.0,30.0,2037
09-30 14:31,pi_stack,2046.3,314,40.0,35.0,2109
09-30 14:31,shep_straw,1770.5,147,30.0,35.0,1726
09-30 14:31,cap24,1761.1,83,50.0,60.0,1802
